<?xml version="1.0" encoding="UTF-8"?>
<!DOCTYPE plist PUBLIC "-//Apple//DTD PLIST 1.0//EN" "http://www.apple.com/DTDs/PropertyList-1.0.dtd">
<plist version="1.0">
<dict>
	<key>allowNodeStrokeColorVariation</key>
	<true/>
	<key>backgroundColor</key>
	<string>{0.016000, 0.127000, 0.160000, 1.000000}</string>
	<key>baseSubnode</key>
	<dict>
		<key>shapeStyle</key>
		<dict>
			<key>borderStrokeStyle</key>
			<dict>
				<key>color</key>
				<string>{0.128000, 0.463000, 0.782000, 1.000000}</string>
				<key>dash</key>
				<integer>0</integer>
				<key>width</key>
				<real>2</real>
			</dict>
			<key>fillColor</key>
			<string>{0.037000, 0.160000, 0.198000, 1.000000}</string>
			<key>shapeType</key>
			<integer>0</integer>
		</dict>
		<key>strokeStyle</key>
		<dict>
			<key>color</key>
			<string>{0.128000, 0.463000, 0.782000, 1.000000}</string>
			<key>dash</key>
			<integer>0</integer>
			<key>width</key>
			<real>6</real>
		</dict>
		<key>titleStyle</key>
		<dict>
			<key>alignment</key>
			<integer>0</integer>
			<key>bold</key>
			<false/>
			<key>color</key>
			<string>{0.985000, 0.958000, 0.864000, 1.000000}</string>
			<key>fontName</key>
			<string>HelveticaNeue</string>
			<key>fontSize</key>
			<real>14</real>
			<key>italic</key>
			<false/>
		</dict>
	</dict>
	<key>crossConnections</key>
	<array>
		<dict>
			<key>arrowStyle</key>
			<dict>
				<key>endArrow</key>
				<integer>2</integer>
				<key>startArrow</key>
				<integer>0</integer>
			</dict>
			<key>pathStyle</key>
			<dict>
				<key>strokeStyle</key>
				<dict>
					<key>color</key>
					<string>{0.273000, 0.357000, 0.383000, 1.000000}</string>
					<key>dash</key>
					<integer>1</integer>
					<key>width</key>
					<real>1</real>
				</dict>
			</dict>
			<key>titleStyle</key>
			<dict>
				<key>alignment</key>
				<integer>0</integer>
				<key>bold</key>
				<false/>
				<key>color</key>
				<string>{0.000000, 0.000000, 0.000000, 1.000000}</string>
				<key>fontName</key>
				<string>HelveticaNeue</string>
				<key>fontSize</key>
				<real>14</real>
				<key>italic</key>
				<false/>
				<key>strikethrough</key>
				<false/>
				<key>underline</key>
				<false/>
			</dict>
		</dict>
	</array>
	<key>mainNodes</key>
	<array>
		<dict>
			<key>shapeStyle</key>
			<dict>
				<key>borderStrokeStyle</key>
				<dict>
					<key>color</key>
					<string>{0.273000, 0.357000, 0.383000, 1.000000}</string>
					<key>dash</key>
					<integer>0</integer>
					<key>width</key>
					<real>2</real>
				</dict>
				<key>fillColor</key>
				<string>{0.037000, 0.160000, 0.198000, 1.000000}</string>
				<key>shapeType</key>
				<integer>2</integer>
			</dict>
			<key>strokeStyle</key>
			<dict>
				<key>color</key>
				<string>{0.273000, 0.357000, 0.383000, 1.000000}</string>
				<key>dash</key>
				<integer>0</integer>
				<key>width</key>
				<real>4</real>
			</dict>
			<key>titleStyle</key>
			<dict>
				<key>alignment</key>
				<integer>1</integer>
				<key>bold</key>
				<false/>
				<key>color</key>
				<string>{0.985000, 0.958000, 0.864000, 1.000000}</string>
				<key>fontName</key>
				<string>HelveticaNeue</string>
				<key>fontSize</key>
				<real>13</real>
				<key>italic</key>
				<false/>
			</dict>
		</dict>
	</array>
	<key>subnodeColors</key>
	<array>
		<dict>
			<key>shapeStyle</key>
			<dict>
				<key>borderStrokeStyle</key>
				<dict>
					<key>color</key>
					<string>{0.647, 0.468, 0.027, 1.000}</string>
				</dict>
				<key>fillColor</key>
				<string>{0.037, 0.160, 0.198, 1.000}</string>
			</dict>
			<key>strokeStyle</key>
			<dict>
				<key>color</key>
				<string>{0.647, 0.468, 0.027, 1.000}</string>
			</dict>
			<key>titleStyle</key>
			<dict>
				<key>color</key>
				<string>{0.985, 0.958, 0.864, 1.000}</string>
			</dict>
		</dict>
		<dict>
			<key>shapeStyle</key>
			<dict>
				<key>borderStrokeStyle</key>
				<dict>
					<key>color</key>
					<string>{0.450, 0.541, 0.020, 1.000}</string>
				</dict>
				<key>fillColor</key>
				<string>{0.037, 0.160, 0.198, 1.000}</string>
			</dict>
			<key>strokeStyle</key>
			<dict>
				<key>color</key>
				<string>{0.450, 0.541, 0.020, 1.000}</string>
			</dict>
			<key>titleStyle</key>
			<dict>
				<key>color</key>
				<string>{0.985, 0.958, 0.864, 1.000}</string>
			</dict>
		</dict>
		<dict>
			<key>shapeStyle</key>
			<dict>
				<key>borderStrokeStyle</key>
				<dict>
					<key>color</key>
					<string>{0.747, 0.236, 0.101, 1.000}</string>
				</dict>
				<key>fillColor</key>
				<string>{0.037, 0.160, 0.198, 1.000}</string>
			</dict>
			<key>strokeStyle</key>
			<dict>
				<key>color</key>
				<string>{0.747, 0.236, 0.101, 1.000}</string>
			</dict>
			<key>titleStyle</key>
			<dict>
				<key>color</key>
				<string>{0.985, 0.958, 0.864, 1.000}</string>
			</dict>
		</dict>
		<dict>
			<key>shapeStyle</key>
			<dict>
				<key>borderStrokeStyle</key>
				<dict>
					<key>color</key>
					<string>{0.147, 0.571, 0.525, 1.000}</string>
				</dict>
				<key>fillColor</key>
				<string>{0.037, 0.160, 0.198, 1.000}</string>
			</dict>
			<key>strokeStyle</key>
			<dict>
				<key>color</key>
				<string>{0.147, 0.571, 0.525, 1.000}</string>
			</dict>
			<key>titleStyle</key>
			<dict>
				<key>color</key>
				<string>{0.985, 0.958, 0.864, 1.000}</string>
			</dict>
		</dict>
		<dict>
			<key>shapeStyle</key>
			<dict>
				<key>borderStrokeStyle</key>
				<dict>
					<key>color</key>
					<string>{0.128, 0.463, 0.782, 1.000}</string>
				</dict>
				<key>fillColor</key>
				<string>{0.037, 0.160, 0.198, 1.000}</string>
			</dict>
			<key>strokeStyle</key>
			<dict>
				<key>color</key>
				<string>{0.128, 0.463, 0.782, 1.000}</string>
			</dict>
			<key>titleStyle</key>
			<dict>
				<key>color</key>
				<string>{0.985, 0.958, 0.864, 1.000}</string>
			</dict>
		</dict>
		<dict>
			<key>shapeStyle</key>
			<dict>
				<key>borderStrokeStyle</key>
				<dict>
					<key>color</key>
					<string>{0.713, 0.331, 0.520, 1.000}</string>
				</dict>
				<key>fillColor</key>
				<string>{0.037, 0.160, 0.198, 1.000}</string>
			</dict>
			<key>strokeStyle</key>
			<dict>
				<key>color</key>
				<string>{0.713, 0.331, 0.520, 1.000}</string>
			</dict>
			<key>titleStyle</key>
			<dict>
				<key>color</key>
				<string>{0.985, 0.958, 0.864, 1.000}</string>
			</dict>
		</dict>
	</array>
	<key>subnodeLevels</key>
	<array/>
</dict>
</plist>
